{
  "project_info": {
    "project_number": "632849640220",
    "project_id": "mobileapp-84ebd",
    "storage_bucket": "mobileapp-84ebd.appspot.com"
  },
  "client": [
    {
      "client_info": {
        "mobilesdk_app_id": "1:632849640220:android:8bac69df4ddf8e095428d9",
        "android_client_info": {
          "package_name": "com.example.wehydate_app"
        }
      },
      "oauth_client": [
        {
          "client_id": "632849640220-mdc4qu0639jegflsfjj94m9hpfa7nka3.apps.googleusercontent.com",
          "client_type": 3
        }
      ],
      "api_key": [
        {
          "current_key": "AIzaSyAVozU35GRTM-8nwtKKMQvMxWRHDGfW2OI"
        }
      ],
      "services": {
        "appinvite_service": {
          "other_platform_oauth_client": [
            {
              "client_id": "632849640220-mdc4qu0639jegflsfjj94m9hpfa7nka3.apps.googleusercontent.com",
              "client_type": 3
            }
          ]
        }
      }
    }
  ],
  "configuration_version": "1"
}